Title,Price,Review
PlayStation®5 console (slim),15.,"5,976 ratings"
PlayStation 5 Digital Edition - CFI-1102B,479.,828 ratings
PlayStation 5 Digital Edition – Marvel’s Spider-Man 2 Bundle (Slim),399.,366 ratings
PlayStation 5 Digital Edition,64.,"2,115 ratings"
EA SPORTS College Football 25 - PlayStation 5,69.,N/A
PlayStation DualSense Wireless Controller – Galactic Purple,74.,"25,946 ratings"
PS5 Console- Horizon Forbidden West Bundle,429.,"6,796 ratings"
PlayStation Portal Remote Player - PlayStation 5,21.,935 ratings
"NexiGo Enhanced PS5 Controller Charger, Dual Charing Station with LED Indicator, High Speed, Fast Charging Dock for Playstation 5 DualSense Controller, White",7.,437 ratings
"Logitech G29 Driving Force Racing Wheel and Floor Pedals, Real Force Feedback, Stainless Steel Paddle Shifters, Leather Steering Wheel Cover for PS5, PS4, PC, Mac - Black",299.,"18,764 ratings"
"Game Console Backpack Compatible with Sony PlayStation 5 Console, Protective Travel Carrying Case for PS5 with USB Port for Headset,Game Discs and Accessories",29.,1 rating
PS5 Skin - Disc Edition Console and Controller Accessories Cover Skins PS5 Controller Skin Gift ps5 Skins for Console Full Set PS5 Skin Spider Red and Gery,16.,425 ratings
PlayStation Pulse Elite Wireless Headset,148.,625 ratings
PULSE Explore Wireless Earbuds,199.,341 ratings
Playstation Media Remote,29.,"12,420 ratings"
"The Crew Motorfest - Standard Edition, PlayStation 5",34.,329 ratings
"WishJazz Wall Mount Kit for PS5/PS5 Slim with Charging Station and Cooling Fans, PS5 Shelf Wall Mount Accessories, Steel Wall Stand with Dual Controller Charger, Headset Hanger for All PS5 Versions",32.,2 ratings
"WD_BLACK 2TB SN850P NVMe M.2 SSD Officially Licensed Storage Expansion for PS5 Consoles, up to 7,300MB/s, with heatsink - WDBBYV0020BNC-WRSN",209.,"10,354 ratings"
"Travel Backpack for PS5, Protective Carrying Case Bag for 17.3’’ Laptop, Controllers, Game Discs and More Gaming Accessories, PS5 Carrying Case with Multiple Pockets",35.,19 ratings
AMZDM for PS5 Stand Cooling Station with Dual PS5 Charging Station Playstation 5 Console Cooler Docking Station with Cooling Fan PS5 Controller Fast Charging PS 5 Disc & Digital Standard Version White,26.,171 ratings
